Workbook
Name NativeTimeline_Fecha: #N/A
Name SegmentaciónDeDatos_Categoria: #N/A
Name SegmentaciónDeDatos_Region: #N/A
Name SegmentaciónDeDatos_Vendedor: #N/A

Sheet Inventario
A1: ID | B1: Producto | C1: Categoria | D1: Stock Inicial | E1: Stock Actual | F1: Precio Unitario | G1: Valor Total | H1: Estado
A2: P001 | B2: Laptop Dell | C2: Electrónico | D2: 50 | E2: 35 | F2: 800 | G2: =E2*F2 -> 28000 | H2: =IF(E2<=20," Stock Critico",IF(E2<=50,"Stock Medio","Stock OK")) -> Stock Medio
A3: P002 | B3: Mouse Inalámbrico | C3: Accesorio | D3: 200 | E3: 180 | F3: 15 | G3: =E3*F3 -> 2700 | H3: =IF(E3<=20," Stock Critico",IF(E3<=50,"Stock Medio","Stock OK")) -> Stock OK
A4: P003 | B4: Teclado USB | C4: Accesorio | D4: 150 | E4: 120 | F4: 30 | G4: =E4*F4 -> 3600 | H4: =IF(E4<=20," Stock Critico",IF(E4<=50,"Stock Medio","Stock OK")) -> Stock OK
A5: P004 | B5: Monitor 24" | C5: Electrónico | D5: 40 | E5: 28 | F5: 200 | G5: =E5*F5 -> 5600 | H5: =IF(E5<=20," Stock Critico",IF(E5<=50,"Stock Medio","Stock OK")) -> Stock Medio
A6: P005 | B6: Tablet Samsung | C6: Electrónico | D6: 60 | E6: 45 | F6: 350 | G6: =E6*F6 -> 15750 | H6: =IF(E6<=20," Stock Critico",IF(E6<=50,"Stock Medio","Stock OK")) -> Stock Medio
A7: P006 | B7: Audífonos Sony | C7: Accesorio | D7: 100 | E7: 85 | F7: 45 | G7: =E7*F7 -> 3825 | H7: =IF(E7<=20," Stock Critico",IF(E7<=50,"Stock Medio","Stock OK")) -> Stock OK
A8: P007 | B8: Impresora HP | C8: Electrónico | D8: 30 | E8: 18 | F8: 250 | G8: =E8*F8 -> 4500 | H8: =IF(E8<=20," Stock Critico",IF(E8<=50,"Stock Medio","Stock OK")) -> Stock Critico
A9: P008 | B9: Cable HDMI | C9: Accesorio | D9: 300 | E9: 275 | F9: 8 | G9: =E9*F9 -> 2200 | H9: =IF(E9<=20," Stock Critico",IF(E9<=50,"Stock Medio","Stock OK")) -> Stock OK
A10: P009 | B10: Disco Duro 1TB | C10: Electrónico | D10: 80 | E10: 62 | F10: 120 | G10: =E10*F10 -> 7440 | H10: =IF(E10<=20," Stock Critico",IF(E10<=50,"Stock Medio","Stock OK")) -> Stock OK
A11: P010 | B11: Memoria USB 64GB | C11: Accesorio | D11: 250 | E11: 230 | F11: 12 | G11: =E11*F11 -> 2760 | H11: =IF(E11<=20," Stock Critico",IF(E11<=50,"Stock Medio","Stock OK")) -> Stock OK
A12: P011 | B12: Webcam HD | C12: Electrónico | D12: 70 | E12: 55 | F12: 75 | G12: =E12*F12 -> 4125 | H12: =IF(E12<=20," Stock Critico",IF(E12<=50,"Stock Medio","Stock OK")) -> Stock OK
A13: P012 | B13: Hub USB | C13: Accesorio | D13: 120 | E13: 98 | F13: 25 | G13: =E13*F13 -> 2450 | H13: =IF(E13<=20," Stock Critico",IF(E13<=50,"Stock Medio","Stock OK")) -> Stock OK

Sheet Ventas
A1: Fecha | B1: ID Producto | C1: Producto | D1: Categoria | E1: Cantidad | F1: Precio | G1: Total Venta | H1: Vendedor | I1: Region
A2: 46023 | B2: P001 | C2: Laptop Dell | D2: Electrónico | E2: 3 | F2: 800 | G2: =E2*F2 -> 2400 | H2: Carlos | I2: Norte
A3: 46027 | B3: P002 | C3: Mouse Inalámbrico | D3: Accesorio | E3: 10 | F3: 15 | G3: =E3*F3 -> 150 | H3: Maria | I3: Sur
A4: 46032 | B4: P003 | C4: Teclado USB | D4: Accesorio | E4: 5 | F4: 30 | G4: =E4*F4 -> 150 | H4: Pedro | I4: Este
A5: 46037 | B5: P004 | C5: Monitor 24" | D5: Electrónico | E5: 2 | F5: 200 | G5: =E5*F5 -> 400 | H5: Ana | I5: Oeste
A6: 46042 | B6: P005 | C6: Tablet Samsung | D6: Electrónico | E6: 4 | F6: 350 | G6: =E6*F6 -> 1400 | H6: Carlos | I6: Norte
A7: 46047 | B7: P006 | C7: Audífonos Sony | D7: Accesorio | E7: 8 | F7: 45 | G7: =E7*F7 -> 360 | H7: Maria | I7: Sur
A8: 46054 | B8: P007 | C8: Impresora HP | D8: Electrónico | E8: 3 | F8: 250 | G8: =E8*F8 -> 750 | H8: Pedro | I8: Este
A9: 46058 | B9: P008 | C9: Cable HDMI | D9: Accesorio | E9: 15 | F9: 8 | G9: =E9*F9 -> 120 | H9: Ana | I9: Oeste
A10: 46063 | B10: P009 | C10: Disco Duro 1TB | D10: Electrónico | E10: 5 | F10: 120 | G10: =E10*F10 -> 600 | H10: Carlos | I10: Norte
A11: 46068 | B11: P010 | C11: Memoria USB 64GB | D11: Accesorio | E11: 20 | F11: 12 | G11: =E11*F11 -> 240 | H11: Maria | I11: Sur
A12: 46073 | B12: P011 | C12: Webcam HD | D12: Electrónico | E12: 4 | F12: 75 | G12: =E12*F12 -> 300 | H12: Pedro | I12: Este
A13: 46078 | B13: P012 | C13: Hub USB | D13: Accesorio | E13: 10 | F13: 25 | G13: =E13*F13 -> 250 | H13: Ana | I13: Oeste
... A25: 46137 | B25: P012 | C25: Hub USB | D25: Accesorio | E25: 8 | F25: 25 | G25: =E25*F25 -> 200 | H25: Ana | I25: Oeste

Sheet Resumen
A1: Sistema de Inventario y Ventas — Resumen 2026
A3: Indicador | B3: Valor
A4: Total Ventas | B4: =COUNTIF(Ventas!B:B, "*P00*") -> 18
A5: Total Ingresos | B5: =SUM(Ventas!G:G) -> 13195
A6: Producto Mas Vendido | B6: =INDEX(Ventas!C:C,MATCH(MAX(Ventas!E:E),Ventas!E:E,0)) -> Memoria USB 64GB
A7: Categoria lider | B7: =INDEX(Ventas!D:D,MATCH(MAX(Ventas!G:G),Ventas!G:G,0)) -> Electrónico
A8: Vendedor Top | B8: =INDEX(Ventas!H:H, MATCH(MAX(Ventas!G:G), Ventas!G:G, 0)) -> Carlos
A9: Total Productos en Inventario | B9: =COUNTA(Inventario!A:A)-1 -> 12
A10: Productos en Stock Critico | B10: =COUNTIF(Inventario!H:H, " Stock critico") -> 1
A11: Valor Total Inventario | B11: =SUM(Inventario!G:G) -> 82950
A12: Promedio Venta por Transaccion | B12: =AVERAGE(Ventas!G:G) -> 549.79167

Sheet KPIs
A1: Sistema de Inventario y Ventas — KPIs 2026
A3: KPI | B3: Meta | C3: Real | D3: Estado
A4: Total Ingresos | B4: 15000 | C4: =Resumen!B5 -> 13195 | D4: =IF(C4>=B4,"Meta Cumplida","Por Debajo") -> Por Debajo
A5: Total Transacciones | B5: 25 | C5: =Resumen!B4 -> 18 | D5: =IF(C5>=B5,"Meta Cumplida","Por Debajo") -> Por Debajo
A6: Productos Stock Crítico | B6: 2 | C6: =Resumen!B10 -> 1 | D6: =IF(C6<=B6,"Bajo Control ", "Atencion") -> Bajo Control
A7: Vendedor Top Ventas | B7: 5000 | C7: =SUMIF(Ventas!H:H, Resumen!B8,Ventas!G:G) -> 6880 | D7: =IF(C7>=B7,"Meta Cumplida","Por Debajo") -> Meta Cumplida
A8: Promedio por Venta | B8: 500 | C8: =Resumen!B12 -> 549.79167 | D8: =IF(C8>=B8,"Meta Cumplida","Por Debajo") -> Meta Cumplida
B10: =C7-B7 -> 1880

Sheet Dashboard
A1: Sistema de Inventario y Ventas — Dashboard 2026
A3: Fecha | B3: (Todas)
A5: Suma de Total Venta | B5: Etiquetas de columna
A6: Etiquetas de fila | B6: Este | C6: Norte | D6: Oeste | E6: Sur | F6: Total general
A7: Accesorio | B7: 150 | C7: 160 | D7: 840 | E7: 1350 | F7: 2500
A8: Ana | D8: 840 | F8: 840
A9: Audífonos Sony | D9: 270 | F9: 270
A10: Cable HDMI | D10: 120 | F10: 120
A11: Hub USB | D11: 450 | F11: 450
A12: Carlos | C12: 160 | F12: 160
A13: Cable HDMI | C13: 160 | F13: 160
A14: Maria | E14: 1350 | F14: 1350
A15: Audífonos Sony | E15: 360 | F15: 360
A16: Memoria USB 64GB | E16: 420 | F16: 420
A17: Mouse Inalámbrico | E17: 330 | F17: 330
A18: Teclado USB | E18: 240 | F18: 240
A19: Pedro | B19: 150 | F19: 150
A20: Teclado USB | B20: 150 | F20: 150
A21: Electrónico | B21: 3075 | C21: 6720 | D21: 900 | F21: 10695
A22: Ana | D22: 900 | F22: 900
A23: Impresora HP | D23: 500 | F23: 500
A24: Monitor 24" | D24: 400 | F24: 400
A25: Carlos | C25: 6720 | F25: 6720
A26: Disco Duro 1TB | C26: 1320 | F26: 1320
A27: Laptop Dell | C27: 4000 | F27: 4000
A28: Tablet Samsung | C28: 1400 | F28: 1400
A29: Pedro | B29: 3075 | F29: 3075
A30: Impresora HP | B30: 750 | F30: 750
A31: Monitor 24" | B31: 600 | F31: 600
A32: Tablet Samsung | B32: 1050 | F32: 1050
A33: Webcam HD | B33: 675 | F33: 675
A34: Total general | B34: 3225 | C34: 6880 | D34: 1740 | E34: 1350 | F34: 13195
